[{"EmployeeID":1,"Sales":[{"OrderID":0,"OrderDate":"1998-08-01T12:00:00","Current":2187.0705000,"Target":15000.0}]},{"EmployeeID":2,"Sales":[{"OrderID":0,"OrderDate":"1998-08-01T12:00:00","Current":1929.975000,"Target":15000.0}]},{"EmployeeID":3,"Sales":[{"OrderID":0,"OrderDate":"1998-08-01T12:00:00","Current":0.0,"Target":15000.0}]},{"EmployeeID":4,"Sales":[{"OrderID":0,"OrderDate":"1998-08-01T12:00:00","Current":6010.750000,"Target":15000.0}]},{"EmployeeID":5,"Sales":[{"OrderID":0,"OrderDate":"1998-08-01T12:00:00","Current":0.0,"Target":15000.0}]},{"EmployeeID":6,"Sales":[{"OrderID":0,"OrderDate":"1998-08-01T12:00:00","Current":0.0,"Target":15000.0}]},{"EmployeeID":7,"Sales":[{"OrderID":0,"OrderDate":"1998-08-01T12:00:00","Current":232.085000,"Target":15000.0}]},{"EmployeeID":8,"Sales":[{"OrderID":0,"OrderDate":"1998-08-01T12:00:00","Current":2525.180000,"Target":15000.0}]},{"EmployeeID":9,"Sales":[{"OrderID":0,"OrderDate":"1998-08-01T12:00:00","Current":0.0,"Target":15000.0}]}]